Temperature,A1,A2,B1,B2,C1,C2,D1,D2,E1,E2,F1,F2,G1,G2,I1,I2,I3,I4,I5,J1,J2,J3,J4,J5,K1,K2,K3,K4,K5,L1,L2,L3,L4,L5,M1,M2,M3,M4,M5,N1,N2,N3,N4,N5,O1,O2,O3,O4,P1,P2,P3,P4,Q1,Q3,Q4,Q5,Q6,Q7,Q9,Q10,Q11,R1,R3,R5,R6,R7,R8,R9,R10,S1,S3,S7,S8,T4,T5,T6,T7,T8,T9,U2,U3,U5,U7,U8,U9,U10,V1,V3,V4,V5,V7,V9,V10,W1,W2,W3,W4,W5,W6,W7,W8,W9,W10,X1,X3,X4,X5,X7,X8,X9,X10
60,3843,3967,4454,4207,4154,4567,4521,4156,4561,4242,4685,4333,4591,4445,4019,3974,4199,4313,4462,4358,3829,4178,4317,4288,4497,4296,4279,4785,4958,4452,4356,4222,3817,4515,4455,4548,4313,4550,4593,4657,4650,4551,4565,4733,4393,4588,4748,3975,4443,4373,4228,4100,2992,3395,3461,3176,3312,3708,3654,3638,3512,3143,3496,3503,3328,3157,3250,3772,3618,3042,3613,2980,3645,2830,3445,3508,3772,3374,3736,3448,3247,3481,3915,3404,3748,3636,2935,3213,3513,3822,3722,3508,3609,2832,3082,3594,3450,3462,3464,3851,3622,3899,3838,3274,3513,2921,3639,3672,3561,3594,3626
60.3,3851,3982,4483,4230,4175,4591,4548,4181,4587,4266,4713,4359,4614,4467,4034,3987,4217,4338,4484,4387,3841,4206,4339,4313,4528,4327,4306,4810,4988,4481,4393,4252,3832,4543,4486,4580,4343,4575,4615,4687,4685,4580,4591,4752,4420,4615,4781,3994,4463,4399,4255,4125,3000,3406,3476,3186,3324,3727,3676,3657,3530,3158,3510,3527,3340,3168,3265,3794,3638,3056,3629,2987,3668,2839,3466,3525,3798,3390,3758,3467,3257,3499,3938,3417,3769,3654,2948,3223,3533,3840,3743,3527,3630,2841,3091,3613,3462,3477,3483,3874,3638,3920,3862,3286,3532,2928,3660,3689,3583,3614,3644
60.6,3860,3998,4512,4253,4196,4615,4575,4206,4613,4290,4741,4385,4637,4489,4049,4001,4236,4362,4507,4417,3853,4233,4361,4337,4558,4358,4334,4835,5019,4510,4430,4281,3847,4570,4517,4612,4373,4599,4637,4716,4720,4608,4618,4772,4447,4642,4814,4013,4483,4426,4283,4151,3009,3417,3492,3196,3336,3745,3698,3675,3547,3172,3524,3551,3352,3178,3280,3816,3657,3069,3646,2994,3691,2847,3486,3541,3824,3407,3780,3485,3268,3518,3961,3431,3790,3672,2961,3233,3554,3858,3763,3546,3651,2850,3100,3632,3475,3492,3501,3897,3654,3940,3886,3298,3551,2935,3681,3707,3605,3633,3662
60.9,3869,4013,4541,4277,4216,4639,4602,4232,4639,4313,4769,4411,4660,4512,4064,4014,4255,4387,4530,4447,3865,4260,4384,4361,4588,4389,4362,4860,5050,4539,4467,4310,3861,4598,4548,4644,4403,4623,4658,4746,4755,4637,4644,4791,4474,4669,4847,4032,4504,4452,4310,4176,3018,3428,3507,3206,3348,3764,3720,3693,3565,3187,3538,3575,3364,3189,3294,3838,3676,3083,3663,3002,3713,2855,3506,3557,3850,3423,3802,3504,3279,3536,3984,3444,3811,3690,2974,3243,3574,3876,3784,3565,3671,2860,3109,3651,3487,3506,3519,3920,3670,3960,3910,3310,3569,2941,3702,3725,3626,3653,3680
61.2,3878,4029,4571,4300,4237,4663,4628,4257,4664,4337,4796,4437,4684,4534,4079,4028,4274,4412,4553,4476,3877,4288,4406,4386,4619,4420,4390,4885,5081,4568,4504,4340,3876,4625,4579,4676,4433,4647,4680,4776,4790,4666,4670,4811,4502,4696,4880,4050,4524,4478,4338,4201,3026,3439,3522,3216,3360,3783,3742,3711,3582,3202,3552,3599,3376,3200,3309,3860,3696,3097,3679,3009,3736,2864,3526,3574,3876,3439,3824,3522,3290,3554,4007,3458,3832,3708,2986,3253,3594,3895,3805,3584,3692,2869,3118,3671,3500,3521,3538,3943,3686,3980,3933,3322,3588,2948,3723,3742,3648,3672,3698
61.5,3886,4044,4600,4323,4257,4687,4655,4282,4690,4360,4824,4464,4707,4557,4094,4041,4293,4436,4576,4506,3889,4315,4428,4410,4649,4451,4418,4910,5112,4597,4541,4369,3891,4653,4611,4709,4464,4672,4702,4805,4825,4694,4696,4830,4529,4724,4913,4069,4544,4505,4366,4226,3035,3450,3538,3227,3372,3802,3764,3730,3600,3216,3566,3623,3388,3210,3323,3882,3715,3110,3696,3016,3758,2872,3546,3590,3903,3455,3846,3540,3301,3572,4030,3471,3853,3726,2999,3263,3614,3913,3825,3603,3713,2879,3126,3690,3512,3536,3556,3965,3703,4001,3957,3334,3607,2955,3744,3760,3670,3692,3716
61.8,3895,4060,4629,4346,4278,4711,4682,4308,4716,4384,4852,4490,4730,4579,4109,4054,4312,4461,4598,4535,3901,4342,4450,4434,4679,4482,4446,4935,5143,4627,4578,4399,3906,4681,4642,4741,4494,4696,4724,4835,4861,4723,4722,4850,4556,4751,4946,4088,4564,4531,4393,4251,3043,3461,3553,3237,3385,3820,3786,3748,3617,3231,3580,3647,3400,3221,3338,3903,3735,3124,3713,3023,3781,2880,3566,3607,3929,3471,3868,3559,3312,3590,4053,3485,3874,3744,3012,3273,3634,3931,3846,3622,3734,2888,3135,3709,3525,3551,3574,3988,3719,4021,3981,3346,3625,2962,3765,3777,3691,3711,3734
62.1,3900,4072,4654,4364,4295,4731,4705,4329,4738,4404,4876,4512,4750,4598,4120,4064,4327,4482,4618,4560,3909,4366,4469,4456,4704,4508,4470,4956,5170,4651,4609,4425,3919,4705,4668,4768,4520,4717,4743,4860,4891,4748,4745,4866,4579,4773,4975,4105,4579,4553,4417,4273,3049,3468,3565,3243,3393,3835,3804,3762,3631,3242,3589,3666,3407,3228,3348,3921,3749,3134,3724,3028,3798,2886,3582,3617,3949,3483,3885,3573,3319,3604,4070,3494,3890,3757,3023,3280,3649,3946,3861,3636,3750,2895,3141,3723,3533,3561,3588,4006,3730,4037,4000,3355,3639,2967,3783,3791,3708,3727,3748
62.4,3903,4080,4675,4378,4308,4746,4722,4347,4756,4420,4897,4531,4768,4615,4128,4071,4339,4499,4635,4581,3913,4386,4484,4476,4724,4528,4490,4973,5193,4670,4635,4448,3929,4725,4690,4790,4543,4736,4757,4879,4918,4769,4765,4880,4597,4792,4999,4120,4590,4570,4438,4291,3054,3474,3574,3248,3397,3846,3817,3772,3642,3251,3596,3680,3411,3233,3355,3934,3759,3140,3732,3030,3811,2891,3595,3622,3964,3492,3898,3584,3324,3613,4084,3500,3903,3765,3032,3284,3661,3957,3872,3647,3763,2900,3145,3733,3538,3568,3597,4019,3737,4050,4016,3361,3649,2971,3798,3803,3720,3740,3760
62.7,3904,4086,4692,4388,4317,4758,4734,4360,4771,4433,4912,4546,4781,4627,4132,4074,4347,4513,4648,4597,3914,4402,4496,4492,4738,4543,4507,4986,5212,4685,4656,4466,3936,4740,4707,4807,4562,4751,4769,4895,4939,4786,4781,4889,4611,4806,5020,4133,4596,4583,4455,4306,3057,3477,3580,3249,3399,3854,3827,3779,3649,3257,3600,3691,3411,3235,3360,3944,3767,3144,3736,3031,3819,2894,3605,3624,3974,3499,3908,3591,3327,3620,4094,3504,3912,3770,3039,3286,3669,3965,3880,3654,3771,2904,3146,3740,3541,3572,3603,4028,3740,4061,4027,3365,3655,2973,3810,3813,3729,3750,3769
63,3902,4088,4704,4393,4323,4765,4743,4369,4782,4442,4924,4558,4791,4636,4133,4075,4352,4523,4656,4609,3911,4414,4504,4505,4748,4553,4518,4995,5227,4696,4671,4481,3940,4751,4719,4819,4578,4762,4776,4906,4956,4799,4794,4895,4621,4816,5036,4143,4599,4593,4469,4318,3057,3478,3584,3250,3398,3860,3834,3783,3655,3260,3601,3699,3409,3236,3361,3950,3771,3145,3737,3029,3823,2896,3613,3622,3980,3503,3915,3597,3328,3623,4101,3506,3918,3772,3045,3286,3674,3969,3884,3659,3776,2905,3146,3744,3542,3574,3605,4034,3742,4068,4035,3367,3658,2974,3819,3819,3733,3758,3775
63.3,3899,4087,4713,4393,4326,4768,4746,4374,4790,4447,4932,4565,4797,4641,4131,4072,4353,4530,4661,4618,3904,4422,4509,4515,4753,4558,4525,5000,5238,4703,4680,4493,3941,4756,4728,4826,4590,4770,4780,4913,4967,4809,4802,4897,4628,4822,5048,4151,4599,4599,4479,4326,3057,3477,3585,3248,3395,3863,3836,3785,3657,3262,3599,3704,3405,3234,3360,3954,3771,3144,3735,3027,3824,2897,3618,3618,3982,3506,3918,3599,3327,3625,4105,3506,3921,3772,3049,3285,3677,3971,3886,3662,3779,2905,3144,3745,3540,3574,3605,4038,3741,4073,4041,3367,3659,2975,3826,3824,3735,3762,3779
63.6,3893,4084,4717,4389,4326,4768,4746,4376,4794,4449,4937,4569,4800,4642,4127,4067,4352,4535,4663,4623,3895,4426,4510,4521,4755,4559,4528,5002,5245,4706,4685,4500,3940,4758,4732,4828,4598,4774,4780,4917,4975,4815,4807,4894,4632,4825,5056,4154,4596,4603,4485,4330,3054,3474,3584,3245,3390,3863,3837,3785,3657,3261,3596,3706,3399,3231,3356,3955,3769,3142,3730,3023,3823,2897,3621,3612,3981,3506,3920,3600,3325,3625,4107,3504,3922,3770,3051,3282,3679,3970,3885,3662,3780,2904,3140,3743,3538,3572,3603,4039,3738,4076,4045,3365,3657,2974,3831,3826,3734,3764,3780
63.9,3886,4078,4718,4381,4323,4764,4742,4374,4794,4448,4939,4570,4800,4640,4120,4059,4348,4536,4660,4625,3884,4426,4508,4524,4753,4556,4528,5000,5248,4705,4685,4504,3937,4755,4733,4826,4602,4774,4777,4917,4978,4817,4809,4888,4632,4824,5061,4153,4591,4603,4488,4331,3051,3470,3582,3241,3384,3862,3834,3782,3655,3259,3591,3706,3392,3226,3352,3953,3765,3139,3724,3017,3818,2896,3622,3604,3977,3504,3918,3599,3322,3623,4107,3501,3920,3765,3052,3278,3677,3967,3882,3661,3778,2902,3134,3739,3534,3569,3599,4039,3733,4076,4046,3362,3652,2973,3834,3826,3732,3764,3780
64.2,3877,4068,4716,4369,4318,4757,4735,4370,4792,4444,4938,4568,4798,4634,4111,4050,4342,4535,4655,4625,3870,4424,4503,4524,4749,4551,4523,4995,5247,4701,4681,4505,3931,4749,4731,4820,4603,4771,4771,4914,4978,4816,4808,4878,4630,4820,5062,4150,4585,4601,4489,4329,3046,3464,3577,3236,3376,3859,3830,3777,3652,3256,3584,3703,3384,3219,3346,3948,3758,3135,3716,3011,3813,2895,3621,3595,3971,3501,3915,3596,3317,3619,4104,3497,3917,3759,3052,3274,3674,3961,3876,3657,3775,2900,3128,3733,3528,3564,3594,4037,3726,4074,4046,3357,3646,2971,3835,3823,3727,3761,3778
64.5,3867,4057,4711,4354,4311,4748,4726,4364,4786,4437,4935,4564,4793,4626,4101,4039,4333,4531,4648,4621,3855,4418,4496,4522,4742,4544,4517,4987,5244,4694,4674,4504,3923,4740,4726,4811,4601,4766,4762,4909,4975,4812,4804,4866,4626,4813,5059,4144,4576,4596,4486,4324,3040,3457,3572,3229,3368,3854,3823,3770,3646,3251,3576,3699,3375,3212,3339,3940,3750,3130,3707,3005,3805,2893,3619,3584,3962,3497,3910,3591,3311,3614,4100,3492,3912,3752,3050,3267,3670,3954,3868,3652,3771,2896,3121,3726,3523,3558,3588,4034,3718,4071,4044,3351,3638,2968,3834,3820,3721,3757,3775
64.8,3856,4045,4704,4337,4301,4737,4714,4356,4780,4429,4930,4557,4786,4617,4089,4028,4323,4525,4638,4616,3839,4411,4487,4517,4732,4536,4509,4975,5238,4685,4664,4500,3914,4729,4719,4798,4597,4759,4750,4901,4971,4805,4797,4852,4620,4803,5054,4135,4565,4588,4481,4317,3034,3449,3566,3222,3359,3848,3815,3762,3639,3246,3568,3694,3365,3204,3331,3930,3741,3124,3696,2998,3796,2890,3616,3573,3951,3491,3903,3586,3304,3608,4094,3486,3905,3743,3048,3260,3664,3946,3858,3646,3766,2892,3112,3717,3515,3551,3580,4029,3708,4065,4041,3344,3628,2964,3833,3814,3714,3751,3770
65.1,3844,4032,4695,4319,4291,4724,4701,4346,4770,4419,4922,4549,4777,4606,4075,4015,4310,4517,4626,4608,3822,4402,4477,4511,4721,4526,4499,4962,5230,4675,4652,4495,3903,4716,4710,4783,4591,4751,4737,4891,4964,4796,4789,4836,4612,4792,5045,4125,4554,4577,4475,4307,3027,3440,3558,3214,3349,3840,3806,3752,3631,3240,3558,3688,3354,3195,3323,3918,3730,3118,3684,2991,3786,2886,3612,3560,3938,3485,3895,3579,3297,3600,4087,3479,3897,3733,3045,3252,3656,3936,3847,3639,3760,2888,3104,3708,3507,3542,3573,4023,3697,4059,4035,3336,3618,2961,3829,3808,3707,3743,3765
65.4,3831,4018,4683,4299,4279,4709,4686,4336,4759,4408,4912,4539,4767,4593,4062,4001,4297,4508,4614,4598,3804,4391,4466,4503,4709,4515,4489,4946,5221,4663,4638,4489,3891,4701,4699,4766,4583,4741,4722,4879,4956,4786,4780,4818,4602,4779,5035,4114,4541,4565,4468,4297,3020,3430,3550,3205,3339,3831,3795,3741,3622,3234,3549,3680,3341,3185,3313,3905,3718,3111,3672,2983,3775,2882,3606,3546,3924,3477,3886,3570,3289,3592,4079,3471,3888,3722,3042,3243,3648,3925,3835,3630,3753,2882,3095,3698,3498,3533,3564,4016,3686,4050,4029,3328,3607,2956,3825,3800,3699,3734,3759
65.7,3818,4004,4670,4277,4267,4694,4671,4324,4747,4395,4901,4528,4756,4580,4047,3987,4282,4497,4600,4587,3786,4380,4454,4494,4696,4504,4477,4929,5210,4650,4623,4481,3878,4686,4687,4748,4574,4731,4706,4866,4946,4775,4768,4799,4591,4765,5023,4101,4528,4551,4460,4284,3013,3419,3542,3196,3329,3821,3784,3730,3612,3227,3539,3672,3328,3174,3304,3891,3705,3104,3659,2975,3762,2878,3599,3531,3908,3468,3875,3561,3281,3583,4069,3462,3878,3710,3037,3234,3640,3913,3822,3621,3745,2877,3085,3686,3487,3523,3554,4007,3675,4041,4021,3319,3596,2951,3819,3791,3690,3725,3751
66,3804,3991,4657,4255,4253,4678,4654,4311,4734,4383,4889,4516,4743,4565,4032,3972,4267,4486,4586,4576,3769,4369,4440,4484,4682,4491,4465,4911,5199,4637,4608,4473,3865,4670,4674,4729,4565,4719,4689,4851,4934,4762,4757,4779,4578,4750,5010,4089,4514,4536,4450,4271,3005,3409,3532,3187,3318,3810,3772,3718,3601,3219,3528,3664,3315,3163,3294,3876,3692,3096,3646,2967,3749,2873,3591,3516,3892,3459,3864,3551,3272,3574,4059,3453,3866,3698,3033,3225,3630,3901,3809,3610,3735,2870,3075,3674,3476,3513,3544,3998,3663,4030,4013,3310,3584,2945,3812,3781,3681,3716,3742
66.3,3791,3977,4642,4232,4239,4661,4637,4299,4720,4370,4875,4502,4730,4550,4017,3956,4251,4475,4571,4564,3751,4357,4426,4473,4668,4478,4452,4893,5186,4622,4591,4464,3851,4652,4659,4709,4556,4707,4672,4836,4922,4749,4744,4759,4565,4734,4996,4075,4500,4521,4440,4257,2998,3398,3521,3177,3307,3798,3759,3705,3590,3210,3518,3654,3301,3152,3284,3861,3678,3089,3633,2958,3735,2868,3583,3501,3875,3449,3852,3540,3262,3564,4048,3443,3854,3685,3029,3215,3620,3887,3795,3600,3725,2864,3064,3662,3464,3502,3533,3988,3651,4018,4003,3301,3573,2939,3805,3771,3671,3706,3733
66.6,3777,3963,4628,4209,4225,4644,4620,4285,4706,4356,4861,4489,4716,4533,4001,3940,4234,4462,4557,4552,3734,4346,4412,4462,4654,4464,4438,4874,5173,4608,4574,4456,3837,4634,4645,4690,4546,4694,4653,4821,4909,4736,4731,4737,4551,4719,4982,4061,4486,4506,4430,4242,2991,3386,3510,3167,3295,3786,3746,3693,3578,3202,3507,3645,3287,3141,3273,3845,3663,3081,3620,2950,3721,2862,3574,3484,3857,3438,3840,3529,3253,3554,4036,3433,3841,3672,3024,3205,3610,3874,3780,3588,3714,2857,3054,3649,3452,3491,3522,3977,3639,4006,3992,3291,3562,2933,3798,3760,3661,3696,3723
66.9,3763,3947,4614,4186,4211,4627,4603,4272,4692,4343,4846,4475,4701,4517,3986,3925,4218,4449,4542,4540,3717,4334,4396,4451,4640,4449,4425,4855,5159,4593,4558,4448,3823,4616,4630,4670,4536,4681,4635,4805,4896,4722,4717,4716,4537,4703,4966,4047,4472,4491,4419,4226,2983,3375,3499,3157,3283,3774,3733,3680,3566,3193,3496,3634,3273,3130,3263,3829,3649,3073,3606,2941,3707,2855,3565,3468,3840,3427,3827,3517,3243,3543,4023,3423,3829,3659,3018,3196,3600,3860,3765,3577,3702,2851,3044,3636,3440,3480,3511,3967,3627,3994,3981,3282,3551,2928,3790,3750,3651,3686,3712
67.2,3750,3932,4600,4164,4197,4610,4587,4258,4678,4330,4832,4461,4686,4501,3970,3910,4202,4436,4528,4528,3701,4322,4380,4440,4625,4435,4412,4836,5145,4579,4541,4440,3809,4599,4616,4651,4527,4668,4616,4788,4883,4709,4704,4695,4523,4688,4951,4034,4457,4476,4409,4211,2976,3364,3487,3147,3271,3762,3720,3668,3554,3184,3486,3624,3259,3120,3252,3814,3634,3065,3592,2932,3692,2849,3556,3451,3822,3416,3815,3505,3233,3533,4010,3413,3816,3646,3013,3186,3589,3846,3750,3566,3690,2845,3034,3624,3429,3469,3499,3957,3614,3982,3970,3272,3540,2922,3783,3739,3639,3676,3701
67.5,3737,3917,4586,4142,4184,4594,4571,4244,4664,4318,4817,4447,4671,4484,3955,3896,4187,4423,4514,4517,3685,4310,4364,4430,4610,4421,4400,4817,5130,4564,4524,4434,3796,4581,4601,4632,4517,4655,4598,4772,4870,4695,4690,4674,4509,4674,4935,4020,4442,4462,4398,4196,2969,3352,3476,3137,3259,3750,3708,3655,3542,3176,3475,3613,3246,3110,3241,3799,3619,3056,3578,2924,3678,2842,3548,3434,3804,3406,3802,3493,3223,3522,3997,3403,3804,3634,3007,3177,3578,3832,3735,3555,3678,2839,3024,3612,3417,3458,3487,3948,3601,3970,3959,3262,3530,2917,3776,3728,3627,3666,3691
67.8,3724,3903,4573,4121,4172,4578,4556,4231,4651,4305,4803,4433,4656,4468,3940,3882,4173,4411,4501,4505,3669,4298,4348,4419,4594,4407,4388,4799,5115,4550,4508,4427,3783,4564,4587,4613,4508,4643,4579,4756,4858,4683,4677,4653,4495,4660,4920,4008,4426,4449,4388,4182,2963,3342,3465,3128,3247,3739,3694,3643,3529,3167,3464,3601,3233,3101,3230,3783,3604,3049,3564,2915,3664,2835,3539,3418,3786,3396,3789,3482,3214,3512,3984,3394,3791,3622,3001,3168,3567,3818,3720,3544,3666,2833,3015,3600,3405,3447,3475,3938,3589,3958,3948,3253,3519,2911,3769,3718,3615,3656,3681
68.1,3711,3889,4559,4100,4160,4563,4543,4218,4639,4293,4791,4419,4642,4453,3926,3870,4160,4398,4488,4494,3654,4286,4333,4408,4577,4393,4376,4782,5100,4536,4493,4421,3771,4547,4573,4595,4499,4631,4562,4740,4847,4671,4664,4632,4481,4646,4904,3996,4411,4438,4378,4168,2956,3331,3454,3118,3235,3727,3681,3631,3517,3159,3453,3590,3220,3091,3219,3767,3589,3041,3549,2907,3650,2829,3531,3402,3769,3387,3777,3471,3205,3502,3972,3384,3779,3609,2996,3160,3556,3804,3706,3533,3655,2827,3005,3590,3395,3436,3463,3929,3576,3946,3937,3244,3509,2905,3761,3706,3602,3647,3670
68.4,3699,3878,4546,4080,4148,4548,4530,4205,4627,4282,4778,4406,4628,4437,3912,3859,4147,4387,4475,4481,3640,4273,4318,4397,4560,4380,4363,4765,5085,4522,4478,4414,3758,4530,4559,4578,4489,4620,4544,4725,4835,4659,4652,4612,4467,4632,4889,3984,4395,4427,4368,4155,2949,3322,3444,3110,3223,3716,3669,3620,3506,3151,3442,3578,3207,3080,3208,3751,3575,3034,3535,2899,3637,2823,3523,3387,3752,3378,3765,3461,3197,3492,3960,3375,3767,3597,2991,3152,3544,3790,3692,3522,3644,2821,2995,3580,3384,3425,3452,3919,3563,3934,3926,3236,3499,2900,3752,3695,3589,3637,3660
68.7,3687,3867,4534,4062,4138,4535,4519,4193,4616,4270,4766,4393,4614,4422,3899,3850,4135,4375,4463,4468,3626,4260,4305,4387,4543,4368,4350,4749,5071,4508,4465,4407,3746,4514,4545,4561,4480,4610,4528,4710,4824,4647,4642,4592,4452,4619,4873,3972,4379,4417,4357,4143,2943,3313,3434,3102,3211,3705,3655,3608,3494,3143,3431,3567,3195,3070,3197,3736,3559,3027,3522,2890,3624,2817,3514,3372,3736,3368,3752,3451,3188,3482,3948,3366,3755,3585,2985,3143,3533,3776,3678,3512,3633,2814,2985,3570,3375,3415,3440,3910,3550,3922,3915,3228,3489,2894,3742,3683,3576,3626,3651
69,3675,3856,4522,4044,4128,4523,4508,4181,4607,4259,4755,4380,4602,4408,3886,3841,4123,4364,4452,4455,3612,4247,4292,4377,4525,4356,4337,4734,5057,4494,4453,4399,3734,4497,4531,4545,4469,4601,4511,4695,4812,4637,4633,4573,4438,4606,4859,3961,4363,4407,4347,4132,2937,3305,3425,3094,3200,3694,3642,3597,3484,3135,3421,3555,3184,3059,3187,3720,3545,3020,3509,2882,3610,2811,3505,3358,3719,3359,3740,3441,3179,3471,3936,3357,3743,3572,2980,3135,3522,3763,3665,3501,3622,2808,2974,3560,3366,3404,3429,3900,3537,3911,3903,3220,3480,2889,3733,3671,3564,3616,3641
69.3,3664,3847,4513,4028,4118,4511,4498,4169,4598,4248,4745,4368,4590,4394,3874,3833,4111,4353,4441,4442,3599,4234,4281,4368,4508,4346,4323,4720,5044,4480,4441,4391,3722,4482,4518,4529,4459,4593,4496,4681,4800,4627,4625,4553,4424,4595,4845,3949,4347,4397,4337,4121,2931,3299,3417,3086,3189,3684,3629,3585,3474,3127,3410,3544,3172,3048,3178,3705,3530,3013,3496,2874,3598,2804,3496,3344,3703,3350,3727,3431,3169,3461,3924,3347,3732,3560,2975,3127,3512,3750,3652,3490,3610,2802,2964,3551,3357,3394,3418,3890,3525,3899,3892,3212,3470,2883,3722,3658,3551,3605,3631
69.6,3653,3838,4504,4013,4109,4502,4487,4159,4590,4238,4734,4357,4578,4382,3862,3826,4100,4342,4432,4428,3586,4222,4271,4360,4491,4336,4311,4706,5032,4466,4430,4384,3711,4467,4506,4512,4448,4585,4481,4668,4788,4617,4617,4533,4411,4584,4833,3937,4330,4387,4327,4110,2926,3293,3409,3079,3178,3674,3615,3573,3464,3119,3400,3533,3161,3038,3168,3691,3515,3007,3485,2867,3585,2797,3487,3330,3687,3340,3715,3422,3160,3450,3911,3338,3722,3547,2970,3119,3501,3737,3640,3479,3599,2796,2953,3543,3349,3384,3407,3879,3513,3887,3880,3204,3461,2877,3712,3646,3539,3595,3621
69.9,3643,3830,4496,4000,4099,4494,4477,4150,4582,4230,4723,4347,4567,4370,3849,3820,4089,4332,4423,4414,3573,4209,4262,4352,4475,4328,4299,4694,5022,4452,4417,4377,3701,4453,4495,4494,4437,4578,4467,4655,4777,4609,4609,4513,4397,4572,4822,3926,4314,4377,4318,4100,2920,3289,3401,3071,3168,3665,3602,3562,3454,3112,3391,3522,3150,3029,3159,3677,3500,3000,3473,2860,3573,2789,3478,3317,3671,3331,3703,3412,3150,3439,3899,3327,3712,3535,2966,3111,3491,3725,3627,3468,3588,2791,2943,3534,3342,3375,3396,3869,3501,3875,3870,3197,3451,2872,3701,3634,3527,3585,3612
70.2,3635,3822,4489,3988,4090,4488,4467,4142,4573,4223,4713,4338,4557,4359,3838,3813,4079,4322,4415,4400,3561,4197,4255,4345,4460,4320,4289,4682,5012,4439,4404,4371,3690,4440,4485,4475,4426,4572,4454,4642,4766,4602,4602,4494,4384,4560,4812,3915,4297,4367,4309,4090,2915,3284,3395,3064,3157,3656,3588,3551,3444,3106,3381,3512,3139,3020,3150,3663,3486,2994,3463,2853,3561,2781,3469,3303,3654,3323,3692,3403,3141,3429,3886,3318,3701,3523,2962,3103,3481,3713,3615,3457,3577,2785,2933,3526,3336,3365,3385,3858,3489,3864,3859,3190,3440,2866,3692,3622,3516,3575,3602
70.5,3626,3814,4483,3977,4081,4484,4457,4136,4564,4217,4702,4329,4546,4349,3827,3807,4070,4313,4408,4387,3550,4187,4249,4339,4445,4312,4280,4671,5003,4428,4388,4367,3681,4427,4476,4456,4417,4566,4442,4631,4755,4596,4595,4474,4372,4545,4802,3904,4281,4355,4301,4081,2909,3280,3389,3058,3148,3647,3576,3540,3434,3100,3372,3501,3129,3011,3141,3649,3472,2987,3452,2847,3548,2772,3461,3289,3638,3315,3682,3393,3132,3419,3874,3308,3690,3511,2958,3096,3469,3701,3603,3446,3566,2780,2924,3516,3329,3357,3375,3848,3478,3852,3850,3183,3429,2861,3682,3610,3506,3565,3593
70.8,3618,3808,4477,3966,4073,4481,4446,4132,4556,4214,4691,4322,4534,4338,3817,3802,4061,4306,4402,4374,3538,4177,4246,4335,4432,4303,4273,4660,4995,4418,4372,4362,3671,4416,4468,4436,4408,4560,4430,4619,4743,4589,4588,4455,4359,4526,4792,3893,4265,4341,4294,4073,2904,3276,3383,3052,3138,3639,3564,3529,3424,3094,3363,3491,3119,3002,3133,3634,3459,2981,3441,2840,3535,2764,3452,3276,3620,3307,3671,3383,3123,3409,3861,3298,3678,3500,2954,3088,3456,3689,3591,3435,3555,2774,2916,3506,3322,3349,3365,3837,3468,3840,3840,3177,3417,2854,3672,3599,3496,3556,3584
71.1,3610,3801,4472,3956,4066,4479,4435,4128,4548,4211,4681,4314,4523,4328,3808,3797,4053,4300,4397,4361,3527,4169,4243,4332,4420,4292,4267,4648,4989,4409,4353,4356,3661,4405,4459,4416,4398,4555,4418,4609,4729,4580,4581,4436,4347,4505,4779,3883,4250,4326,4287,4065,2899,3273,3377,3046,3130,3630,3553,3518,3415,3087,3354,3479,3108,2994,3125,3619,3447,2974,3429,2833,3522,2755,3442,3262,3603,3298,3661,3372,3114,3398,3848,3288,3665,3489,2950,3080,3442,3676,3578,3424,3544,2768,2907,3494,3313,3340,3356,3827,3457,3827,3830,3170,3404,2848,3661,3588,3487,3545,3575
71.4,3603,3796,4467,3946,4058,4477,4423,4127,4539,4210,4671,4306,4512,4318,3801,3791,4046,4293,4393,4350,3516,4162,4240,4329,4407,4279,4261,4635,4983,4400,4332,4348,3651,4395,4449,4395,4388,4549,4406,4599,4713,4569,4575,4417,4336,4482,4763,3873,4234,4309,4280,4058,2894,3269,3371,3041,3121,3620,3542,3507,3405,3082,3345,3467,3098,2986,3117,3603,3435,2966,3417,2825,3508,2746,3431,3249,3587,3289,3649,3361,3103,3386,3833,3278,3652,3478,2945,3071,3426,3663,3565,3413,3533,2762,2899,3481,3302,3331,3346,3815,3446,3814,3821,3165,3391,2841,3649,3577,3477,3534,3565
71.7,3596,3791,4462,3936,4050,4474,4409,4126,4530,4210,4663,4299,4501,4308,3794,3784,4038,4286,4389,4340,3504,4156,4237,4328,4395,4264,4253,4621,4978,4390,4311,4336,3639,4386,4437,4374,4375,4541,4395,4589,4695,4554,4568,4398,4324,4459,4744,3863,4219,4291,4271,4050,2890,3264,3364,3035,3113,3609,3531,3496,3395,3076,3335,3452,3088,2978,3109,3587,3423,2958,3403,2818,3494,2737,3418,3236,3570,3278,3636,3348,3092,3372,3817,3266,3638,3468,2939,3061,3410,3648,3550,3401,3522,2755,2890,3467,3290,3320,3336,3802,3435,3798,3811,3159,3377,2833,3634,3565,3466,3522,3555
72,3590,3787,4456,3924,4041,4469,4394,4125,4519,4210,4654,4292,4491,4299,3789,3776,4028,4276,4387,4331,3491,4148,4232,4328,4382,4246,4242,4605,4975,4378,4288,4320,3625,4377,4422,4352,4358,4531,4384,4579,4674,4535,4559,4380,4313,4435,4722,3851,4205,4271,4261,4040,2886,3258,3356,3028,3104,3596,3519,3484,3385,3069,3325,3436,3077,2969,3101,3571,3411,2950,3389,2810,3479,2728,3403,3223,3554,3265,3621,3334,3080,3357,3799,3254,3624,3457,2932,3050,3393,3633,3535,3387,3510,2749,2881,3453,3275,3308,3325,3788,3423,3781,3801,3152,3363,2824,3618,3553,3454,3508,3546
72.3,3583,3782,4447,3912,4028,4459,4376,4124,4504,4210,4643,4286,4482,4289,3784,3766,4018,4263,4385,4323,3479,4140,4223,4329,4367,4227,4227,4587,4973,4364,4265,4301,3610,4368,4405,4331,4339,4517,4373,4567,4651,4513,4547,4361,4301,4412,4697,3838,4191,4252,4248,4029,2882,3251,3346,3020,3095,3582,3506,3472,3374,3063,3313,3420,3066,2961,3091,3555,3399,2942,3374,2802,3465,2719,3387,3210,3538,3252,3605,3318,3067,3340,3780,3240,3610,3445,2925,3039,3376,3616,3519,3373,3497,2742,2872,3438,3260,3294,3313,3771,3408,3763,3791,3145,3348,2816,3600,3539,3441,3494,3536
72.6,3575,3777,4435,3898,4012,4445,4356,4119,4485,4208,4629,4281,4471,4281,3779,3755,4006,4246,4385,4314,3466,4128,4210,4330,4351,4207,4209,4568,4969,4346,4242,4280,3592,4360,4387,4309,4316,4498,4362,4552,4627,4489,4529,4342,4288,4389,4670,3822,4179,4232,4231,4014,2878,3241,3334,3011,3086,3566,3492,3459,3361,3056,3299,3402,3055,2952,3081,3539,3386,2933,3358,2793,3450,2710,3371,3197,3521,3237,3587,3302,3055,3323,3760,3225,3596,3431,2916,3027,3359,3599,3502,3358,3483,2735,2863,3423,3244,3280,3300,3752,3394,3745,3780,3138,3333,2807,3581,3524,3427,3479,3527
72.9,3566,3770,4419,3882,3992,4426,4335,4111,4462,4204,4612,4276,4457,4274,3773,3742,3992,4228,4384,4304,3452,4114,4194,4332,4333,4185,4186,4546,4964,4326,4219,4257,3574,4351,4366,4287,4292,4477,4352,4534,4602,4464,4508,4324,4272,4366,4642,3801,4166,4212,4211,3997,2874,3230,3320,3001,3076,3550,3477,3444,3349,3049,3285,3385,3044,2943,3070,3522,3373,2925,3341,2784,3434,2701,3354,3184,3505,3222,3568,3285,3042,3306,3739,3210,3581,3417,2908,3015,3342,3580,3484,3342,3467,2729,2853,3407,3227,3264,3285,3732,3378,3725,3768,3129,3318,2798,3562,3508,3412,3463,3519
73.2,3556,3761,4398,3864,3971,4405,4312,4098,4437,4196,4590,4269,4441,4268,3764,3729,3977,4207,4382,4292,3438,4096,4175,4331,4313,4164,4162,4524,4956,4303,4196,4233,3555,4342,4345,4265,4266,4452,4340,4514,4576,4437,4484,4305,4254,4342,4613,3776,4155,4192,4188,3977,2868,3217,3305,2990,3066,3532,3461,3428,3336,3040,3270,3368,3033,2933,3058,3506,3360,2916,3324,2775,3419,2693,3337,3170,3488,3206,3549,3268,3030,3289,3718,3195,3566,3401,2898,3002,3326,3562,3467,3327,3450,2722,2844,3391,3211,3249,3270,3712,3361,3706,3754,3120,3303,2788,3543,3492,3397,3447,3511
73.5,3544,3750,4375,3844,3948,4381,4288,4081,4410,4184,4565,4259,4421,4261,3754,3714,3961,4185,4377,4277,3424,4075,4154,4328,4293,4142,4137,4500,4942,4280,4172,4210,3536,4332,4323,4243,4240,4426,4328,4491,4550,4411,4458,4286,4233,4318,4584,3748,4143,4172,4165,3955,2862,3203,3289,2979,3055,3514,3445,3412,3322,3031,3254,3351,3022,2923,3046,3489,3347,2907,3307,2765,3403,2684,3321,3156,3471,3191,3531,3251,3017,3273,3696,3180,3551,3384,2889,2990,3309,3543,3450,3310,3433,2716,2834,3374,3195,3234,3255,3691,3343,3686,3739,3110,3288,2779,3524,3474,3381,3430,3502
73.8,3532,3738,4349,3824,3925,4357,4264,4061,4383,4167,4538,4245,4398,4253,3741,3698,3944,4163,4368,4259,3408,4053,4132,4320,4271,4120,4111,4475,4923,4255,4149,4186,3516,4320,4300,4220,4214,4399,4314,4466,4524,4384,4431,4268,4210,4292,4556,3716,4131,4151,4140,3931,2855,3188,3272,2967,3044,3496,3428,3394,3308,3022,3238,3334,3011,2912,3034,3473,3333,2897,3290,2756,3387,2676,3304,3142,3454,3176,3512,3235,3005,3256,3674,3165,3536,3367,2880,2977,3292,3524,3432,3295,3415,2709,2824,3357,3180,3219,3239,3671,3326,3666,3721,3099,3273,2769,3506,3456,3366,3413,3492
74.1,3518,3724,4323,3804,3902,4331,4238,4040,4356,4148,4509,4228,4372,4243,3726,3681,3926,4140,4354,4239,3393,4030,4110,4308,4249,4098,4086,4449,4899,4231,4126,4163,3497,4305,4278,4197,4189,4372,4298,4440,4497,4358,4405,4250,4186,4267,4527,3681,4118,4130,4115,3906,2847,3173,3255,2954,3032,3478,3411,3377,3294,3011,3222,3318,2999,2901,3021,3457,3318,2888,3273,2747,3370,2667,3288,3129,3436,3161,3494,3218,2992,3239,3652,3150,3521,3350,2870,2965,3276,3505,3414,3279,3396,2701,2814,3341,3165,3204,3223,3651,3309,3644,3701,3088,3258,2759,3487,3438,3350,3397,3480
74.4,3504,3709,4296,3783,3879,4305,4212,4018,4330,4126,4481,4207,4345,4228,3709,3664,3906,4117,4336,4217,3376,4007,4087,4291,4226,4077,4061,4423,4871,4207,4103,4140,3479,4288,4255,4174,4164,4344,4280,4414,4470,4331,4378,4233,4160,4241,4499,3646,4104,4109,4091,3880,2839,3157,3239,2942,3020,3460,3394,3359,3279,3001,3206,3302,2988,2890,3008,3440,3303,2878,3256,2738,3354,2659,3272,3115,3419,3146,3476,3202,2980,3222,3631,3135,3507,3333,2861,2952,3259,3487,3396,3262,3378,2694,2804,3324,3150,3188,3208,3631,3292,3623,3680,3076,3242,2750,3468,3420,3334,3379,3466
74.7,3490,3694,4270,3762,3856,4279,4187,3995,4303,4103,4452,4184,4318,4209,3691,3646,3886,4093,4315,4194,3360,3984,4064,4270,4204,4054,4037,4396,4841,4182,4080,4117,3460,4269,4232,4151,4140,4316,4261,4387,4443,4305,4352,4217,4134,4215,4470,3611,4089,4087,4067,3853,2830,3142,3222,2930,3008,3442,3377,3341,3265,2991,3190,3285,2976,2879,2995,3424,3287,2868,3238,2729,3337,2652,3256,3101,3401,3131,3458,3186,2967,3206,3610,3120,3492,3316,2851,2940,3243,3468,3378,3246,3360,2686,2794,3307,3135,3173,3192,3611,3276,3602,3659,3063,3227,2740,3449,3402,3318,3362,3450
75,3474,3677,4243,3740,3833,4252,4161,3973,4276,4079,4424,4160,4291,4187,3673,3628,3865,4071,4291,4170,3343,3962,4041,4248,4181,4032,4013,4370,4809,4158,4058,4094,3442,4249,4209,4127,4116,4289,4242,4360,4416,4279,4325,4201,4109,4190,4442,3577,4073,4065,4043,3827,2821,3126,3205,2917,2996,3424,3360,3323,3250,2980,3174,3269,2963,2867,2982,3407,3271,2858,3221,2721,3321,2644,3240,3088,3383,3117,3439,3170,2954,3190,3589,3105,3478,3299,2842,2927,3227,3449,3360,3230,3343,2677,2784,3290,3120,3158,3176,3591,3259,3580,3637,3050,3212,2730,3431,3384,3303,3345,3433
75.3,3459,3660,4216,3719,3810,4225,4135,3950,4249,4056,4397,4136,4264,4163,3654,3610,3844,4048,4266,4147,3326,3939,4019,4226,4159,4009,3988,4343,4778,4135,4035,4071,3424,4227,4185,4103,4092,4262,4222,4333,4390,4253,4300,4185,4083,4165,4413,3544,4056,4043,4020,3800,2812,3111,3189,2905,2984,3407,3342,3306,3235,2969,3159,3253,2951,2857,2970,3390,3255,2847,3204,2712,3304,2636,3224,3074,3365,3102,3420,3154,2942,3174,3569,3091,3463,3282,2832,2915,3211,3431,3343,3214,3325,2670,2774,3272,3105,3143,3160,3572,3242,3560,3615,3038,3197,2721,3412,3366,3287,3328,3415
75.6,3443,3643,4188,3697,3787,4199,4110,3928,4223,4033,4370,4112,4237,4138,3635,3591,3822,4026,4241,4124,3310,3917,3997,4203,4136,3987,3965,4317,4746,4111,4012,4049,3406,4205,4162,4080,4068,4237,4201,4307,4363,4226,4274,4170,4059,4139,4384,3515,4038,4021,3997,3772,2802,3095,3173,2893,2971,3390,3325,3289,3219,2958,3144,3237,2938,2846,2958,3372,3238,2837,3187,2704,3288,2628,3207,3060,3347,3088,3401,3139,2929,3158,3548,3077,3449,3265,2822,2903,3195,3412,3325,3198,3308,2662,2764,3255,3090,3127,3144,3552,3225,3539,3594,3025,3181,2712,3393,3348,3271,3311,3396
75.9,3426,3625,4161,3674,3765,4173,4086,3905,4196,4011,4343,4089,4210,4112,3616,3573,3801,4003,4215,4102,3293,3894,3975,4181,4112,3965,3941,4290,4715,4087,3988,4026,3388,4183,4139,4057,4045,4212,4180,4280,4337,4200,4248,4155,4036,4115,4356,3487,4020,3998,3974,3744,2793,3081,3157,2882,2960,3372,3307,3272,3204,2947,3129,3220,2927,2835,2946,3355,3222,2827,3170,2695,3271,2620,3191,3047,3330,3075,3382,3124,2917,3143,3528,3063,3433,3248,2813,2892,3180,3393,3307,3183,3291,2655,2754,3238,3075,3112,3128,3532,3208,3519,3573,3013,3166,2703,3375,3331,3255,3295,3378
76.2,3409,3607,4133,3651,3743,4146,4061,3883,4170,3988,4316,4065,4184,4087,3597,3554,3779,3981,4190,4079,3276,3872,3953,4159,4088,3943,3917,4264,4684,4063,3965,4004,3369,4159,4116,4034,4021,4187,4158,4254,4311,4175,4223,4140,4013,4090,4327,3462,4001,3976,3952,3717,2783,3066,3141,2870,2948,3355,3289,3255,3188,2936,3114,3204,2915,2824,2934,3337,3206,2816,3154,2686,3255,2611,3174,3033,3313,3061,3364,3109,2905,3128,3508,3050,3418,3232,2803,2880,3164,3374,3290,3168,3274,2648,2744,3221,3060,3098,3113,3513,3192,3500,3553,3001,3150,2695,3356,3314,3239,3279,3360
76.5,3392,3588,4106,3628,3722,4120,4037,3860,4144,3966,4289,4041,4158,4062,3578,3535,3758,3959,4165,4056,3259,3849,3931,4137,4065,3921,3893,4237,4653,4039,3941,3981,3350,4136,4093,4011,3998,4161,4136,4229,4285,4150,4197,4125,3990,4066,4300,3439,3982,3954,3930,3691,2773,3051,3125,2858,2935,3339,3271,3238,3173,2925,3098,3188,2904,2814,2922,3319,3190,2806,3137,2677,3239,2603,3159,3020,3295,3048,3347,3094,2893,3113,3488,3036,3403,3215,2794,2869,3149,3356,3272,3152,3257,2642,2734,3204,3046,3083,3098,3494,3176,3480,3532,2989,3136,2686,3338,3296,3224,3263,3342
76.8,3375,3570,4079,3606,3700,4094,4012,3838,4118,3944,4262,4017,4132,4036,3558,3516,3737,3937,4140,4034,3242,3827,3910,4115,4041,3900,3869,4210,4622,4015,3917,3959,3331,4111,4071,3988,3974,4136,4113,4204,4259,4124,4171,4111,3967,4042,4272,3417,3962,3932,3908,3666,2764,3037,3110,2847,2923,3322,3254,3221,3157,2913,3083,3172,2893,2803,2910,3302,3175,2795,3121,2668,3222,2595,3143,3006,3278,3034,3329,3079,2881,3098,3468,3023,3387,3199,2784,2858,3133,3338,3255,3137,3240,2635,2725,3188,3032,3069,3084,3475,3161,3460,3511,2977,3121,2678,3320,3278,3208,3247,3324
77.1,3357,3551,4052,3583,3679,4067,3988,3816,4093,3921,4235,3993,4106,4011,3539,3497,3715,3915,4115,4011,3225,3805,3888,4092,4017,3878,3845,4183,4591,3991,3894,3935,3312,4087,4048,3964,3950,4110,4089,4178,4234,4099,4146,4095,3944,4017,4245,3396,3942,3910,3886,3642,2754,3022,3095,2835,2911,3305,3237,3204,3142,2901,3068,3157,2881,2793,2898,3284,3159,2785,3104,2660,3206,2588,3128,2992,3262,3021,3312,3064,2869,3083,3449,3010,3371,3182,2774,2847,3118,3319,3237,3122,3223,2628,2716,3171,3019,3055,3069,3455,3145,3439,3491,2965,3107,2669,3302,3260,3193,3230,3306
77.4,3340,3531,4026,3560,3658,4041,3963,3794,4067,3899,4208,3970,4081,3986,3520,3478,3693,3894,4089,3988,3209,3783,3866,4070,3994,3855,3821,4156,4560,3968,3870,3912,3294,4062,4024,3941,3926,4084,4066,4153,4208,4073,4120,4080,3921,3992,4218,3375,3922,3888,3863,3619,2745,3007,3080,2824,2898,3287,3221,3187,3127,2890,3053,3141,2870,2783,2887,3266,3144,2775,3088,2652,3189,2580,3113,2979,3245,3006,3294,3049,2858,3068,3429,2996,3356,3166,2765,2835,3102,3301,3219,3106,3206,2620,2707,3155,3005,3041,3055,3436,3129,3419,3470,2953,3093,2661,3284,3242,3177,3214,3288
77.7,3323,3512,4000,3536,3636,4015,3938,3771,4041,3876,4180,3946,4055,3961,3501,3459,3672,3872,4064,3965,3192,3761,3843,4047,3970,3832,3797,4128,4529,3944,3846,3889,3276,4038,4001,3916,3903,4059,4041,4128,4182,4047,4094,4065,3897,3967,4190,3355,3901,3866,3841,3597,2735,2992,3065,2812,2885,3270,3204,3170,3112,2878,3038,3125,2858,2772,2875,3248,3128,2765,3072,2644,3173,2573,3098,2965,3227,2992,3276,3034,2846,3053,3410,2983,3341,3149,2755,2823,3087,3283,3202,3091,3189,2613,2699,3139,2991,3027,3040,3417,3113,3398,3449,2941,3078,2652,3265,3225,3162,3198,3270
78,3305,3493,3973,3513,3614,3989,3913,3748,4015,3852,4153,3922,4029,3936,3481,3440,3650,3849,4038,3941,3175,3738,3820,4024,3946,3809,3773,4101,4497,3920,3823,3865,3257,4013,3977,3892,3879,4033,4016,4102,4155,4020,4068,4050,3874,3941,4163,3335,3880,3842,3818,3575,2726,2977,3050,2800,2873,3253,3186,3154,3096,2867,3023,3109,2846,2762,2863,3230,3112,2755,3055,2636,3157,2566,3083,2952,3209,2978,3258,3020,2834,3039,3390,2969,3325,3132,2745,2811,3072,3264,3184,3076,3172,2605,2689,3123,2976,3012,3026,3397,3096,3377,3428,2929,3064,2643,3247,3207,3145,3181,3251
78.3,3287,3473,3946,3488,3591,3963,3887,3725,3988,3828,4125,3897,4003,3910,3461,3421,3628,3826,4012,3916,3158,3715,3796,4001,3921,3785,3749,4074,4465,3896,3798,3841,3239,3988,3952,3867,3854,4007,3990,4076,4128,3994,4041,4035,3850,3915,4135,3315,3858,3819,3794,3554,2716,2962,3034,2788,2860,3235,3169,3137,3080,2855,3008,3093,2833,2751,2851,3211,3096,2745,3039,2629,3140,2558,3067,2938,3191,2963,3240,3005,2822,3024,3369,2955,3310,3116,2735,2799,3057,3244,3166,3061,3154,2598,2680,3106,2961,2998,3011,3378,3080,3356,3407,2917,3050,2634,3228,3190,3129,3165,3233
78.6,3269,3452,3919,3464,3568,3936,3861,3701,3961,3804,4097,3871,3976,3884,3440,3401,3605,3802,3986,3892,3141,3691,3772,3977,3896,3760,3724,4046,4432,3871,3773,3817,3220,3962,3928,3842,3829,3981,3963,4049,4100,3966,4013,4019,3826,3889,4106,3295,3836,3795,3771,3532,2706,2948,3019,2777,2848,3217,3150,3119,3063,2843,2992,3077,2821,2740,2839,3193,3079,2735,3023,2621,3123,2551,3051,2924,3172,2948,3222,2989,2810,3009,3348,2941,3294,3099,2725,2787,3041,3224,3148,3046,3136,2590,2670,3089,2946,2983,2996,3358,3063,3335,3386,2904,3034,2625,3209,3172,3112,3149,3215
78.9,3251,3432,3891,3439,3544,3908,3834,3677,3933,3779,4068,3845,3948,3858,3419,3380,3581,3777,3959,3865,3123,3666,3747,3952,3870,3735,3698,4017,4397,3845,3748,3791,3201,3935,3902,3815,3803,3954,3935,4020,4071,3938,3985,4002,3802,3862,4077,3275,3813,3769,3746,3510,2696,2933,3002,2765,2835,3199,3132,3101,3046,2831,2976,3060,2808,2729,2826,3173,3062,2725,3006,2613,3105,2544,3034,2909,3153,2934,3203,2973,2797,2993,3327,2927,3277,3082,2715,2775,3025,3204,3130,3030,3117,2582,2659,3072,2931,2969,2981,3337,3047,3313,3364,2891,3018,2617,3189,3153,3095,3132,3196
79.2,3231,3410,3861,3413,3520,3879,3807,3652,3904,3753,4038,3819,3920,3830,3397,3358,3556,3750,3932,3837,3105,3640,3721,3926,3843,3710,3670,3986,4362,3817,3721,3764,3181,3907,3876,3788,3776,3925,3906,3991,4041,3909,3955,3985,3776,3834,4046,3255,3789,3743,3721,3487,2685,2917,2985,2753,2822,3181,3113,3082,3028,2819,2959,3042,2794,2718,2812,3154,3044,2714,2989,2604,3087,2536,3017,2894,3133,2919,3183,2956,2784,2977,3303,2912,3259,3064,2704,2763,3008,3183,3111,3013,3098,2574,2648,3054,2915,2953,2964,3316,3030,3291,3340,2877,3002,2608,3169,3133,3077,3114,3175
79.5,3210,3386,3830,3388,3494,3848,3777,3626,3874,3725,4006,3791,3890,3801,3375,3334,3531,3722,3902,3807,3085,3614,3692,3899,3815,3683,3642,3955,4326,3787,3693,3735,3160,3877,3849,3759,3748,3894,3876,3961,4010,3879,3925,3965,3749,3804,4014,3234,3763,3716,3695,3464,2674,2900,2967,2740,2809,3162,3093,3062,3009,2806,2941,3024,2780,2705,2798,3133,3026,2702,2971,2595,3068,2528,2999,2879,3113,2903,3163,2939,2770,2960,3279,2896,3241,3045,2692,2750,2991,3161,3091,2996,3078,2566,2637,3034,2899,2937,2948,3294,3012,3267,3315,2863,2984,2598,3148,3112,3058,3094,3154
79.8,3186,3359,3797,3361,3467,3815,3745,3598,3842,3696,3972,3761,3858,3771,3350,3308,3504,3690,3872,3773,3063,3585,3660,3870,3785,3654,3612,3921,4286,3757,3663,3702,3137,3845,3819,3729,3718,3862,3844,3928,3977,3847,3893,3944,3721,3773,3980,3213,3735,3687,3666,3439,2661,2883,2948,2726,2795,3142,3072,3041,2988,2792,2922,3004,2765,2693,2784,3112,3006,2689,2952,2585,3048,2520,2981,2862,3091,2886,3141,2920,2756,2942,3253,2880,3222,3025,2681,2737,2973,3139,3070,2977,3057,2557,2626,3013,2882,2921,2930,3271,2994,3242,3289,2848,2963,2588,3126,3089,3037,3073,3130
80.1,3159,3328,3762,3333,3438,3781,3709,3565,3808,3665,3937,3730,3824,3739,3324,3279,3475,3653,3838,3732,3037,3555,3622,3840,3753,3624,3580,3885,4244,3725,3633,3665,3112,3809,3788,3697,3686,3828,3809,3894,3941,3814,3859,3921,3691,3740,3944,3189,3703,3655,3636,3412,2648,2864,2929,2712,2780,3121,3050,3019,2967,2777,2902,2983,2749,2679,2769,3089,2985,2675,2931,2574,3027,2511,2960,2845,3067,2868,3118,2901,2741,2922,3224,2862,3202,3004,2669,2722,2953,3115,3048,2956,3035,2548,2614,2989,2863,2902,2911,3247,2974,3216,3261,2832,2940,2576,3102,3063,3015,3049,3103
80.4,3127,3291,3723,3303,3408,3744,3668,3528,3770,3631,3898,3695,3788,3704,3294,3245,3443,3609,3802,3682,3008,3522,3577,3806,3718,3592,3547,3846,4196,3690,3599,3621,3085,3767,3754,3662,3651,3792,3773,3857,3903,3777,3821,3895,3658,3704,3905,3164,3667,3619,3604,3383,2634,2844,2908,2696,2763,3098,3026,2995,2942,2761,2881,2960,2732,2665,2752,3065,2962,2659,2909,2562,3003,2501,2938,2826,3041,2847,3094,2881,2726,2901,3192,2842,3180,2981,2656,2707,2933,3089,3025,2935,3011,2538,2602,2962,2842,2882,2889,3222,2952,3188,3232,2815,2911,2564,3075,3033,2987,3020,3071
80.7,3087,3245,3679,3270,3375,3704,3616,3481,3729,3593,3854,3657,3747,3667,3259,3203,3408,3553,3761,3621,2971,3485,3521,3767,3680,3556,3511,3804,4139,3654,3563,3566,3053,3716,3717,3624,3614,3753,3733,3816,3862,3738,3781,3864,3622,3666,3863,3136,3622,3576,3569,3351,2619,2823,2886,2679,2745,3074,3000,2968,2912,2744,2857,2932,2713,2650,2735,3037,2937,2641,2885,2549,2975,2491,2911,2804,3010,2823,3068,2859,2710,2878,3154,2819,3157,2957,2642,2691,2910,3060,2999,2912,2985,2527,2588,2928,2818,2860,2864,3195,2930,3158,3201,2797,2878,2549,3041,2995,2954,2984,3031
81,3038,3191,3628,3231,3338,3659,3552,3423,3681,3550,3804,3612,3702,3625,3216,3152,3365,3487,3715,3547,2929,3441,3455,3722,3637,3515,3470,3757,4067,3612,3523,3500,3016,3653,3675,3582,3572,3708,3689,3771,3815,3694,3736,3827,3583,3623,3815,3107,3567,3523,3530,3314,2601,2801,2862,2661,2726,3048,2970,2936,2878,2725,2829,2899,2691,2635,2715,3007,2909,2619,2858,2536,2941,2480,2879,2779,2972,2796,3039,2835,2692,2852,3105,2792,3132,2930,2625,2674,2885,3027,2971,2886,2955,2516,2573,2888,2788,2833,2833,3166,2905,3125,3167,2777,2840,2533,2998,2949,2912,2940,2983
81.3,2983,3129,3567,3185,3297,3607,3472,3350,3624,3498,3744,3558,3649,3575,3165,3089,3313,3409,3658,3462,2879,3386,3377,3665,3587,3467,3423,3702,3975,3563,3476,3424,2973,3571,3627,3533,3524,3657,3638,3717,3760,3642,3683,3782,3537,3573,3760,3074,3498,3457,3485,3270,2580,2775,2835,2640,2704,3018,2933,2896,2838,2702,2793,2860,2666,2617,2692,2970,2874,2591,2825,2520,2899,2468,2839,2749,2924,2762,3007,2806,2673,2822,3044,2760,3104,2900,2606,2655,2857,2987,2938,2856,2919,2503,2557,2840,2754,2801,2794,3133,2877,3087,3127,2756,2798,2515,2944,2894,2863,2888,2926
81.6,2918,3057,3490,3128,3248,3545,3375,3263,3552,3433,3667,3490,3585,3513,3103,3012,3245,3318,3586,3360,2821,3316,3285,3593,3525,3407,3365,3636,3853,3503,3419,3334,2920,3468,3567,3474,3465,3594,3576,3652,3693,3578,3619,3723,3483,3513,3694,3035,3412,3375,3429,3217,2553,2744,2801,2616,2677,2983,2885,2843,2791,2674,2746,2814,2637,2595,2665,2922,2831,2556,2784,2500,2846,2455,2788,2712,2865,2719,2967,2770,2649,2786,2967,2718,3071,2864,2580,2631,2821,2937,2896,2818,2874,2487,2539,2783,2712,2760,2746,3094,2844,3042,3080,2730,2752,2494,2878,2829,2803,2827,2858
81.9,2842,2975,3391,3054,3186,3467,3258,3157,3456,3347,3568,3403,3502,3433,3026,2920,3158,3211,3494,3242,2754,3225,3178,3500,3445,3330,3290,3552,3697,3426,3346,3231,2855,3340,3492,3398,3390,3513,3497,3569,3608,3498,3537,3647,3414,3436,3611,2987,3308,3275,3356,3150,2518,2705,2758,2584,2642,2939,2821,2774,2736,2638,2686,2760,2602,2567,2629,2859,2773,2513,2731,2473,2779,2439,2726,2664,2791,2665,2916,2723,2620,2740,2871,2665,3029,2816,2546,2601,2775,2871,2841,2768,2812,2468,2516,2716,2661,2708,2685,3044,2801,2983,3018,2699,2701,2468,2800,2756,2733,2758,2779
82.2,2758,2881,3264,2961,3106,3366,3121,3033,3329,3233,3441,3292,3393,3328,2932,2815,3049,3090,3376,3107,2677,3108,3055,3382,3341,3229,3193,3443,3503,3324,3251,3114,2775,3187,3392,3297,3293,3407,3395,3459,3495,3392,3430,3543,3323,3336,3503,2923,3182,3152,3260,3062,2475,2655,2701,2542,2597,2882,2741,2690,2672,2591,2613,2698,2559,2529,2581,2779,2701,2461,2665,2439,2699,2417,2650,2605,2703,2598,2848,2661,2581,2682,2759,2600,2974,2751,2503,2560,2715,2788,2768,2701,2734,2444,2486,2642,2600,2643,2611,2978,2743,2905,2936,2658,2643,2435,2711,2678,2655,2683,2691
82.5,2666,2776,3110,2849,3002,3237,2969,2895,3172,3091,3285,3153,3253,3193,2821,2701,2918,2953,3230,2955,2592,2968,2914,3240,3209,3102,3071,3305,3281,3194,3128,2980,2683,3015,3264,3169,3168,3272,3263,3319,3351,3257,3293,3408,3204,3207,3366,2839,3038,3011,3138,2951,2425,2593,2631,2489,2541,2810,2645,2594,2600,2534,2531,2627,2509,2481,2522,2682,2615,2405,2586,2399,2611,2388,2566,2536,2607,2522,2762,2586,2531,2610,2641,2526,2906,2671,2452,2509,2640,2692,2678,2620,2640,2412,2447,2561,2530,2568,2529,2894,2670,2808,2833,2606,2577,2396,2620,2599,2572,2603,2598
82.8,2566,2660,2935,2722,2877,3080,2808,2748,2989,2925,3103,2991,3085,3032,2698,2582,2775,2804,3061,2791,2501,2812,2762,3081,3050,2952,2926,3138,3049,3039,2981,2833,2580,2835,3107,3014,3018,3109,3105,3150,3177,3095,3127,3242,3060,3052,3199,2737,2883,2856,2991,2820,2374,2524,2549,2429,2476,2726,2542,2496,2521,2470,2447,2550,2453,2425,2454,2576,2521,2348,2501,2355,2520,2353,2479,2461,2509,2442,2660,2501,2472,2529,2523,2447,2828,2578,2397,2449,2553,2588,2576,2530,2537,2375,2400,2479,2456,2489,2445,2795,2584,2696,2714,2544,2506,2353,2532,2520,2487,2521,2504
83.1,2467,2542,2755,2590,2736,2904,2647,2600,2795,2748,2908,2817,2898,2853,2572,2469,2629,2654,2881,2630,2411,2654,2611,2919,2874,2788,2767,2951,2824,2865,2816,2682,2476,2660,2931,2844,2851,2927,2928,2962,2982,2914,2941,3053,2895,2880,3010,2621,2723,2697,2828,2678,2326,2452,2462,2365,2406,2636,2441,2406,2441,2406,2371,2469,2392,2365,2383,2471,2430,2295,2417,2312,2434,2314,2395,2387,2416,2365,2551,2415,2407,2443,2417,2372,2747,2478,2344,2386,2461,2486,2471,2437,2435,2335,2350,2402,2381,2410,2366,2689,2490,2577,2587,2474,2434,2308,2451,2445,2406,2442,2414
83.4,2378,2434,2584,2465,2592,2723,2501,2465,2611,2579,2718,2646,2708,2672,2454,2373,2495,2516,2706,2484,2331,2508,2474,2769,2696,2625,2608,2759,2630,2690,2649,2539,2381,2505,2746,2671,2680,2741,2746,2768,2782,2728,2750,2856,2722,2702,2813,2503,2573,2546,2664,2539,2287,2386,2380,2306,2341,2548,2354,2333,2366,2348,2308,2390,2333,2310,2316,2377,2350,2252,2343,2276,2363,2274,2322,2321,2339,2299,2444,2336,2344,2362,2334,2308,2671,2385,2296,2326,2375,2398,2376,2354,2346,2297,2300,2336,2316,2343,2300,2587,2400,2464,2466,2404,2368,2268,2386,2382,2336,2373,2338
83.7,2305,2343,2440,2359,2458,2555,2381,2355,2457,2437,2548,2494,2538,2510,2356,2298,2385,2401,2550,2367,2267,2388,2363,2645,2535,2479,2466,2583,2482,2530,2497,2417,2305,2383,2575,2515,2523,2571,2578,2590,2599,2558,2574,2672,2561,2540,2629,2397,2448,2420,2515,2417,2257,2334,2312,2259,2287,2472,2288,2280,2303,2304,2264,2323,2281,2265,2263,2305,2290,2222,2286,2249,2312,2241,2267,2271,2283,2251,2354,2274,2292,2294,2276,2262,2610,2310,2260,2278,2304,2330,2303,2289,2278,2264,2258,2287,2265,2293,2252,2501,2326,2371,2367,2341,2316,2237,2339,2332,2282,2318,2280
84,2253,2275,2332,2279,2350,2416,2294,2275,2341,2329,2413,2373,2402,2380,2283,2247,2304,2318,2428,2284,2222,2301,2284,2554,2403,2363,2353,2438,2382,2400,2373,2325,2250,2297,2431,2391,2395,2431,2441,2445,2448,2419,2430,2519,2427,2408,2475,2315,2354,2325,2396,2325,2239,2296,2263,2226,2248,2414,2245,2248,2258,2274,2236,2271,2242,2233,2226,2256,2249,2203,2247,2232,2279,2216,2230,2237,2246,2220,2288,2231,2254,2246,2240,2232,2567,2257,2235,2243,2252,2283,2252,2245,2233,2240,2227,2253,2229,2259,2222,2438,2272,2303,2294,2292,2279,2216,2307,2295,2244,2279,2240
84.3,2220,2232,2261,2225,2271,2313,2238,2223,2265,2258,2319,2288,2305,2288,2236,2217,2251,2264,2342,2233,2194,2245,2235,2495,2308,2281,2273,2332,2322,2308,2285,2265,2217,2244,2324,2303,2301,2330,2340,2339,2339,2317,2325,2404,2328,2311,2360,2258,2292,2261,2312,2262,2228,2272,2232,2206,2224,2376,2220,2231,2228,2256,2221,2236,2216,2214,2203,2228,2227,2193,2224,2222,2261,2199,2208,2218,2226,2203,2245,2206,2229,2215,2221,2217,2541,2224,2221,2222,2220,2255,2223,2219,2208,2224,2208,2234,2208,2240,2206,2398,2237,2259,2248,2258,2257,2203,2287,2273,2221,2254,2216
84.6,2203,2208,2221,2193,2222,2248,2208,2195,2223,2217,2260,2236,2245,2232,2210,2202,2222,2235,2288,2207,2180,2213,2210,2462,2249,2230,2223,2265,2293,2249,2230,2230,2200,2216,2255,2247,2242,2266,2275,2272,2269,2251,2258,2329,2265,2249,2284,2225,2256,2226,2259,2226,2222,2259,2215,2197,2212,2354,2209,2223,2212,2248,2214,2217,2201,2205,2192,2214,2216,2189,2213,2218,2254,2190,2197,2209,2217,2196,2222,2193,2217,2199,2214,2210,2527,2209,2213,2212,2203,2241,2210,2207,2198,2216,2197,2224,2198,2232,2199,2377,2220,2236,2225,2238,2246,2197,2277,2260,2210,2241,2205
84.9,2196,2198,2201,2178,2196,2211,2195,2183,2203,2198,2228,2208,2214,2203,2198,2196,2208,2222,2260,2195,2174,2198,2199,2446,2216,2203,2197,2228,2281,2218,2201,2214,2193,2204,2216,2219,2210,2231,2240,2236,2231,2215,2221,2287,2230,2216,2242,2210,2240,2209,2231,2209,2219,2253,2209,2194,2207,2344,2205,2220,2205,2245,2211,2208,2195,2202,2189,2209,2212,2187,2208,2216,2251,2186,2193,2205,2214,2194,2213,2189,2212,2194,2211,2209,2522,2203,2210,2209,2196,2234,2205,2203,2194,2212,2193,2221,2193,2229,2197,2368,2213,2226,2215,2228,2241,2195,2272,2253,2206,2236,2200
85.2,2193,2194,2193,2171,2185,2194,2191,2178,2194,2189,2214,2195,2200,2190,2193,2194,2202,2216,2246,2190,2172,2192,2195,2439,2201,2191,2186,2211,2276,2204,2188,2206,2190,2199,2198,2206,2194,2215,2224,2219,2213,2197,2204,2267,2214,2201,2221,2205,2234,2203,2219,2202,2216,2249,2206,2193,2205,2340,2204,2218,2202,2244,2210,2206,2193,2201,2188,2207,2211,2186,2206,2215,2249,2185,2191,2204,2212,2193,2210,2188,2210,2192,2210,2208,2519,2201,2208,2208,2194,2229,2204,2201,2193,2210,2192,2219,2192,2227,2196,2365,2211,2222,2211,2224,2239,2194,2267,2249,2204,2234,2198
85.5,2192,2192,2191,2169,2180,2186,2189,2176,2190,2186,2208,2190,2194,2185,2190,2192,2200,2214,2240,2188,2171,2189,2193,2435,2195,2186,2181,2203,2274,2199,2183,2203,2189,2197,2191,2201,2188,2209,2218,2212,2206,2190,2197,2259,2208,2194,2212,2202,2232,2200,2214,2199,2215,2247,2205,2193,2204,2337,2203,2216,2201,2243,2208,2206,2192,2200,2187,2206,2210,2186,2204,2215,2248,2184,2189,2203,2211,2192,2209,2188,2208,2192,2209,2208,2516,2200,2206,2208,2193,2226,2202,2200,2193,2210,2192,2218,2191,2226,2194,2363,2209,2219,2210,2223,2238,2193,2263,2245,2204,2232,2196
85.8,2191,2191,2189,2168,2178,2183,2188,2175,2188,2184,2205,2188,2191,2183,2189,2191,2198,2212,2237,2187,2171,2187,2192,2433,2192,2183,2178,2200,2272,2197,2181,2200,2189,2195,2188,2199,2185,2206,2215,2209,2202,2187,2194,2255,2206,2191,2208,2201,2230,2198,2212,2197,2213,2244,2204,2193,2204,2335,2203,2215,2200,2242,2207,2205,2192,2200,2187,2205,2209,2185,2202,2214,2247,2184,2188,2203,2210,2191,2208,2187,2207,2191,2207,2208,2513,2199,2205,2207,2192,2223,2201,2200,2192,2209,2191,2216,2191,2225,2193,2361,2208,2216,2209,2221,2238,2193,2259,2242,2203,2230,2195
86.1,2190,2190,2188,2167,2176,2181,2188,2174,2186,2183,2203,2186,2189,2181,2188,2190,2197,2211,2234,2186,2170,2187,2191,2430,2190,2182,2177,2199,2270,2196,2180,2198,2188,2193,2186,2198,2183,2205,2214,2207,2200,2185,2192,2253,2205,2189,2205,2200,2229,2197,2210,2196,2211,2241,2203,2193,2203,2333,2202,2214,2199,2241,2205,2204,2191,2199,2186,2204,2208,2185,2201,2213,2245,2183,2188,2202,2209,2190,2207,2187,2206,2190,2206,2207,2511,2198,2203,2206,2192,2220,2199,2199,2191,2208,2190,2215,2190,2224,2192,2360,2207,2214,2208,2220,2237,2192,2255,2239,2203,2229,2194
86.4,2189,2189,2188,2167,2175,2180,2187,2173,2185,2182,2201,2185,2187,2180,2187,2190,2197,2210,2231,2185,2170,2187,2190,2428,2188,2181,2176,2197,2269,2195,2179,2197,2188,2192,2185,2197,2183,2204,2214,2205,2199,2185,2191,2251,2204,2188,2204,2199,2228,2197,2210,2195,2209,2238,2203,2192,2203,2330,2202,2214,2198,2241,2204,2203,2190,2198,2185,2203,2207,2185,2199,2213,2244,2182,2188,2202,2208,2189,2206,2186,2205,2190,2205,2207,2509,2197,2202,2205,2192,2218,2198,2199,2190,2207,2190,2214,2190,2224,2192,2358,2206,2213,2207,2219,2237,2192,2252,2235,2202,2228,2193
86.7,2187,2189,2187,2167,2174,2179,2186,2172,2184,2182,2200,2184,2186,2178,2187,2189,2196,2210,2229,2184,2170,2187,2188,2426,2187,2181,2176,2196,2267,2194,2179,2195,2188,2191,2184,2196,2183,2203,2212,2204,2199,2184,2190,2249,2203,2187,2202,2198,2227,2196,2209,2194,2207,2235,2201,2192,2202,2327,2201,2213,2198,2240,2202,2202,2189,2197,2185,2202,2206,2185,2198,2212,2243,2182,2187,2201,2207,2189,2205,2185,2205,2189,2204,2206,2507,2196,2201,2203,2191,2215,2197,2198,2190,2206,2189,2213,2189,2224,2191,2357,2205,2211,2206,2219,2237,2192,2249,2232,2202,2226,2192
87,2186,2188,2186,2167,2173,2178,2185,2171,2183,2181,2199,2183,2185,2177,2186,2188,2196,2209,2226,2184,2170,2187,2187,2424,2186,2180,2176,2196,2266,2193,2178,2193,2187,2191,2183,2195,2183,2203,2211,2202,2198,2184,2189,2248,2202,2186,2201,2197,2227,2195,2208,2194,2206,2231,2200,2191,2201,2325,2200,2212,2197,2239,2201,2201,2188,2196,2184,2202,2205,2184,2197,2212,2243,2181,2187,2201,2206,2188,2204,2184,2204,2188,2203,2206,2505,2196,2199,2202,2190,2213,2196,2197,2189,2205,2187,2213,2188,2224,2191,2355,2204,2209,2205,2218,2236,2191,2247,2229,2201,2225,2192
87.3,2185,2188,2185,2166,2172,2177,2183,2170,2182,2180,2197,2182,2183,2176,2185,2188,2195,2209,2225,2184,2169,2187,2186,2421,2185,2179,2175,2195,2264,2192,2178,2192,2187,2190,2182,2195,2182,2202,2210,2201,2197,2183,2188,2247,2200,2185,2200,2196,2226,2195,2207,2193,2204,2228,2199,2190,2201,2322,2200,2212,2197,2238,2200,2200,2187,2196,2183,2201,2204,2184,2196,2211,2242,2181,2186,2200,2205,2188,2203,2183,2204,2187,2201,2205,2502,2196,2199,2201,2190,2211,2196,2196,2189,2204,2187,2213,2188,2223,2190,2354,2203,2208,2204,2217,2235,2191,2244,2227,2201,2224,2192
87.6,2184,2188,2184,2166,2171,2176,2182,2170,2181,2179,2196,2181,2182,2175,2185,2188,2194,2209,2223,2184,2169,2186,2185,2420,2184,2179,2175,2194,2262,2191,2178,2191,2186,2190,2181,2194,2182,2202,2209,2201,2197,2182,2188,2246,2200,2185,2200,2196,2225,2193,2206,2193,2202,2225,2198,2188,2200,2320,2199,2211,2196,2236,2199,2199,2187,2196,2183,2200,2204,2184,2195,2210,2241,2181,2185,2199,2205,2188,2202,2182,2205,2186,2200,2204,2499,2197,2198,2201,2189,2209,2195,2196,2188,2202,2187,2213,2188,2223,2190,2352,2202,2207,2203,2217,2233,2190,2242,2224,2200,2223,2191
87.9,2183,2187,2183,2165,2171,2175,2181,2169,2180,2178,2196,2180,2182,2174,2184,2187,2193,2208,2222,2183,2168,2185,2185,2418,2184,2178,2174,2194,2260,2191,2177,2189,2185,2189,2180,2193,2181,2201,2209,2200,2197,2181,2187,2245,2199,2185,2199,2195,2224,2192,2205,2193,2201,2223,2197,2188,2200,2318,2199,2210,2196,2235,2198,2199,2186,2195,2183,2200,2203,2183,2194,2209,2240,2181,2185,2198,2205,2188,2202,2182,2205,2185,2198,2202,2496,2196,2197,2201,2188,2207,2195,2195,2188,2202,2187,2212,2188,2222,2189,2350,2202,2206,2202,2216,2231,2189,2239,2222,2199,2222,2190
88.2,2182,2187,2182,2164,2171,2175,2180,2168,2180,2177,2195,2180,2181,2173,2184,2186,2192,2208,2221,2183,2168,2184,2184,2417,2183,2178,2173,2193,2258,2190,2177,2188,2185,2188,2179,2193,2180,2200,2208,2200,2196,2179,2186,2244,2198,2185,2198,2195,2223,2192,2203,2192,2200,2221,2197,2187,2200,2316,2198,2209,2195,2234,2197,2198,2186,2195,2182,2199,2202,2183,2193,2208,2239,2181,2185,2198,2204,2188,2201,2182,2204,2184,2197,2201,2493,2196,2196,2201,2187,2205,2194,2195,2188,2202,2187,2212,2187,2222,2189,2349,2202,2205,2202,2216,2230,2189,2237,2221,2198,2221,2190
88.5,2182,2187,2182,2163,2171,2175,2180,2168,2179,2176,2195,2179,2181,2172,2183,2186,2191,2207,2220,2183,2167,2184,2184,2414,2183,2178,2173,2192,2257,2190,2176,2186,2184,2188,2178,2192,2179,2200,2208,2200,2196,2178,2186,2243,2197,2184,2197,2194,2222,2191,2202,2192,2199,2219,2196,2187,2201,2313,2198,2209,2194,2232,2196,2198,2185,2194,2182,2198,2202,2183,2192,2207,2238,2181,2184,2197,2203,2187,2201,2182,2204,2183,2196,2199,2489,2195,2195,2201,2186,2203,2194,2194,2187,2202,2188,2211,2187,2221,2188,2347,2202,2203,2202,2215,2228,2188,2235,2219,2197,2221,2190
88.8,2183,2186,2181,2163,2171,2175,2180,2168,2179,2176,2194,2179,2180,2171,2183,2185,2190,2207,2218,2182,2166,2183,2184,2412,2182,2177,2172,2192,2255,2191,2175,2185,2183,2187,2178,2192,2178,2199,2207,2200,2195,2177,2185,2242,2197,2183,2197,2194,2220,2190,2201,2191,2198,2216,2196,2187,2201,2311,2198,2208,2194,2231,2195,2197,2185,2194,2182,2197,2201,2182,2191,2206,2237,2181,2184,2197,2203,2186,2200,2182,2203,2182,2195,2198,2486,2194,2194,2201,2186,2201,2192,2194,2186,2201,2188,2210,2186,2219,2188,2345,2201,2202,2201,2214,2227,2187,2232,2217,2196,2220,2189
89.1,2182,2186,2180,2163,2171,2174,2180,2168,2178,2175,2193,2178,2180,2170,2182,2184,2190,2206,2217,2181,2166,2183,2183,2410,2182,2176,2172,2191,2254,2190,2174,2184,2182,2187,2178,2191,2177,2198,2206,2199,2194,2176,2184,2241,2196,2182,2197,2194,2219,2189,2200,2190,2197,2214,2196,2187,2200,2309,2197,2207,2193,2230,2194,2196,2184,2193,2182,2196,2200,2182,2189,2205,2236,2180,2184,2197,2202,2185,2199,2181,2202,2181,2194,2198,2483,2193,2194,2201,2185,2198,2191,2194,2185,2202,2188,2209,2185,2218,2188,2343,2201,2201,2201,2213,2226,2186,2230,2215,2196,2219,2189
89.4,2182,2185,2179,2162,2170,2174,2180,2168,2177,2175,2192,2178,2179,2170,2182,2184,2189,2205,2215,2181,2165,2183,2183,2408,2181,2176,2171,2191,2252,2190,2173,2183,2181,2187,2177,2191,2176,2197,2204,2199,2194,2176,2184,2240,2196,2182,2196,2193,2218,2189,2200,2190,2196,2213,2195,2187,2200,2307,2197,2206,2192,2229,2193,2195,2184,2193,2181,2196,2199,2182,2188,2205,2235,2180,2184,2196,2201,2184,2199,2181,2201,2181,2194,2198,2480,2193,2193,2200,2185,2197,2191,2193,2185,2201,2187,2208,2184,2218,2187,2341,2201,2199,2201,2212,2225,2186,2228,2213,2195,2219,2189
89.7,2182,2185,2178,2162,2170,2173,2179,2168,2177,2174,2191,2177,2179,2169,2181,2184,2189,2204,2214,2180,2164,2182,2183,2405,2180,2175,2170,2190,2252,2190,2173,2182,2181,2187,2177,2190,2175,2195,2202,2198,2192,2175,2183,2238,2196,2181,2196,2193,2218,2188,2199,2189,2194,2212,2195,2187,2200,2305,2196,2205,2191,2229,2192,2195,2183,2193,2181,2195,2199,2181,2187,2204,2235,2179,2183,2195,2201,2183,2199,2180,2201,2180,2194,2198,2476,2192,2192,2199,2185,2195,2190,2193,2184,2200,2186,2207,2183,2217,2186,2339,2201,2198,2200,2211,2225,2186,2226,2211,2195,2218,2188
90,2181,2184,2178,2162,2169,2173,2179,2168,2176,2173,2191,2176,2178,2168,2180,2183,2188,2204,2213,2179,2163,2182,2183,2403,2179,2174,2170,2189,2251,2189,2173,2181,2180,2187,2176,2190,2175,2194,2201,2197,2192,2175,2182,2236,2195,2180,2195,2192,2217,2187,2199,2188,2193,2210,2194,2186,2199,2302,2196,2204,2191,2228,2191,2194,2183,2192,2180,2195,2198,2180,2186,2203,2234,2179,2183,2194,2200,2183,2199,2179,2200,2179,2194,2199,2473,2191,2192,2198,2185,2194,2189,2193,2184,2199,2185,2207,2182,2216,2186,2337,2200,2197,2199,2211,2224,2185,2224,2209,2195,2217,2187
90.3,2180,2184,2177,2162,2168,2172,2178,2167,2175,2172,2190,2175,2178,2167,2180,2183,2188,2203,2212,2178,2162,2181,2182,2401,2178,2173,2169,2189,2250,2189,2173,2180,2179,2186,2175,2189,2174,2193,2200,2196,2191,2175,2181,2235,2195,2180,2194,2192,2216,2187,2199,2188,2191,2209,2193,2186,2199,2300,2194,2203,2190,2228,2190,2193,2183,2192,2180,2195,2197,2180,2186,2202,2233,2178,2183,2194,2199,2183,2198,2178,2200,2179,2193,2200,2469,2191,2191,2197,2184,2193,2189,2192,2183,2198,2184,2206,2182,2215,2185,2335,2200,2196,2197,2210,2223,2185,2222,2208,2194,2217,2186
90.6,2180,2183,2177,2161,2168,2172,2178,2167,2174,2172,2190,2174,2177,2167,2179,2182,2187,2203,2211,2178,2162,2180,2181,2399,2178,2173,2169,2188,2248,2188,2172,2180,2179,2186,2174,2188,2173,2193,2199,2195,2191,2175,2181,2233,2194,2180,2193,2191,2215,2186,2198,2187,2190,2207,2193,2185,2198,2298,2193,2203,2189,2227,2189,2193,2183,2191,2179,2194,2195,2179,2185,2201,2232,2177,2182,2193,2198,2183,2198,2177,2200,2179,2192,2199,2465,2190,2191,2197,2184,2192,2189,2191,2183,2197,2184,2205,2181,2214,2184,2334,2199,2195,2196,2209,2222,2185,2221,2206,2194,2216,2185
90.9,2179,2182,2176,2160,2168,2171,2177,2166,2174,2171,2189,2173,2177,2166,2178,2182,2186,2203,2210,2177,2161,2180,2180,2397,2178,2172,2168,2187,2246,2188,2172,2179,2179,2185,2173,2188,2173,2192,2199,2194,2190,2174,2180,2232,2193,2180,2192,2190,2214,2185,2198,2186,2189,2206,2192,2184,2197,2295,2193,2203,2189,2227,2188,2192,2182,2190,2179,2194,2194,2178,2184,2201,2231,2176,2182,2193,2197,2182,2197,2177,2200,2178,2191,2199,2462,2190,2190,2196,2184,2190,2188,2191,2183,2196,2184,2205,2181,2213,2184,2333,2198,2194,2194,2208,2221,2186,2219,2205,2193,2215,2185
91.2,2178,2181,2176,2160,2168,2170,2177,2166,2173,2171,2189,2172,2175,2166,2178,2181,2185,2202,2209,2177,2161,2179,2179,2395,2177,2171,2168,2186,2244,2187,2171,2179,2178,2184,2172,2187,2172,2192,2199,2193,2190,2174,2179,2231,2192,2179,2191,2189,2213,2185,2197,2185,2188,2204,2192,2184,2196,2293,2192,2202,2188,2226,2187,2192,2182,2189,2179,2194,2193,2178,2184,2201,2230,2176,2181,2193,2196,2182,2196,2176,2199,2178,2189,2198,2459,2189,2189,2195,2184,2189,2188,2190,2182,2196,2184,2204,2181,2213,2183,2332,2197,2193,2193,2207,2221,2186,2217,2203,2192,2214,2184
91.5,2177,2180,2176,2159,2167,2169,2176,2165,2173,2170,2188,2171,2175,2166,2177,2181,2184,2202,2208,2177,2162,2178,2178,2392,2177,2170,2167,2185,2242,2185,2170,2178,2178,2183,2172,2186,2172,2192,2198,2193,2190,2173,2179,2230,2192,2179,2189,2189,2212,2184,2196,2184,2188,2202,2191,2183,2196,2290,2191,2201,2188,2226,2187,2191,2181,2188,2179,2193,2192,2177,2184,2200,2229,2175,2181,2193,2195,2181,2195,2176,2198,2177,2188,2198,2456,2189,2188,2194,2183,2187,2187,2189,2182,2196,2184,2203,2180,2212,2182,2332,2196,2192,2192,2207,2220,2186,2214,2202,2191,2213,2184
91.8,2177,2180,2175,2158,2167,2168,2176,2164,2173,2170,2187,2171,2174,2166,2177,2181,2183,2202,2207,2177,2162,2178,2177,2390,2176,2170,2167,2185,2239,2185,2169,2177,2177,2182,2172,2186,2171,2191,2197,2192,2189,2173,2178,2230,2192,2178,2188,2188,2211,2184,2196,2184,2187,2201,2191,2183,2195,2288,2191,2201,2187,2225,2186,2191,2181,2187,2179,2193,2191,2177,2183,2200,2228,2174,2180,2192,2195,2180,2194,2175,2197,2177,2187,2197,2452,2188,2187,2193,2183,2185,2187,2189,2181,2196,2184,2203,2180,2212,2182,2330,2196,2191,2192,2206,2220,2186,2212,2200,2191,2212,2184
92.1,2177,2180,2175,2157,2166,2167,2175,2163,2173,2170,2186,2171,2173,2166,2177,2181,2182,2201,2206,2177,2162,2177,2177,2388,2176,2170,2166,2184,2237,2184,2168,2177,2177,2181,2172,2185,2171,2190,2197,2192,2189,2172,2178,2229,2191,2177,2187,2187,2211,2184,2196,2183,2187,2199,2191,2183,2195,2285,2190,2200,2186,2223,2186,2190,2180,2187,2178,2193,2191,2177,2182,2200,2227,2174,2179,2192,2194,2179,2193,2175,2196,2176,2186,2197,2449,2188,2186,2192,2183,2184,2186,2188,2181,2195,2183,2202,2179,2211,2181,2329,2195,2190,2191,2206,2219,2185,2210,2199,2190,2212,2184
92.4,2176,2179,2175,2157,2166,2166,2174,2163,2173,2169,2185,2170,2172,2166,2176,2181,2181,2200,2204,2177,2162,2177,2177,2385,2175,2170,2166,2184,2236,2183,2168,2176,2176,2180,2172,2185,2171,2190,2195,2192,2188,2172,2177,2228,2191,2176,2187,2187,2211,2183,2195,2182,2186,2198,2190,2183,2195,2282,2190,2199,2186,2222,2185,2190,2180,2187,2178,2192,2190,2177,2181,2199,2226,2174,2178,2191,2194,2179,2192,2175,2196,2175,2186,2197,2446,2187,2185,2192,2182,2183,2186,2189,2180,2194,2183,2201,2179,2211,2181,2327,2195,2189,2191,2206,2218,2184,2208,2197,2189,2211,2183
92.7,2176,2179,2175,2157,2165,2166,2174,2162,2172,2168,2185,2169,2172,2165,2176,2180,2181,2199,2203,2177,2161,2177,2176,2383,2174,2170,2165,2184,2235,2183,2168,2175,2175,2180,2171,2185,2171,2189,2194,2192,2187,2171,2177,2227,2191,2176,2186,2187,2211,2183,2195,2182,2186,2196,2190,2183,2194,2279,2189,2198,2185,2221,2185,2189,2179,2187,2177,2192,2190,2177,2180,2198,2225,2174,2177,2191,2194,2178,2192,2175,2196,2175,2186,2196,2443,2186,2184,2192,2182,2183,2185,2189,2180,2193,2182,2201,2178,2210,2180,2325,2194,2189,2191,2205,2217,2183,2207,2196,2189,2210,2182
93,2176,2179,2175,2157,2165,2166,2173,2162,2172,2168,2184,2169,2171,2165,2176,2180,2180,2197,2203,2176,2160,2177,2176,2381,2174,2170,2164,2183,2234,2183,2168,2174,2175,2179,2171,2184,2171,2188,2193,2191,2186,2170,2176,2225,2191,2176,2187,2187,2210,2183,2194,2182,2185,2195,2189,2182,2194,2277,2188,2197,2184,2220,2184,2188,2179,2187,2176,2191,2189,2176,2179,2197,2224,2173,2176,2190,2193,2178,2192,2175,2196,2174,2185,2195,2439,2185,2183,2192,2182,2182,2184,2188,2179,2193,2181,2200,2178,2209,2180,2323,2194,2187,2191,2204,2215,2182,2206,2195,2188,2209,2181
93.3,2175,2178,2175,2156,2164,2166,2172,2161,2171,2168,2184,2168,2171,2164,2175,2180,2180,2196,2202,2175,2159,2177,2176,2379,2173,2170,2164,2183,2233,2182,2168,2174,2174,2179,2170,2184,2170,2188,2192,2191,2185,2170,2176,2224,2191,2176,2186,2187,2210,2182,2193,2181,2184,2195,2188,2182,2193,2275,2187,2196,2184,2219,2184,2188,2178,2187,2175,2191,2189,2175,2177,2196,2224,2173,2176,2190,2194,2178,2192,2175,2196,2174,2185,2194,2436,2185,2182,2191,2181,2182,2184,2188,2179,2192,2180,2199,2177,2209,2179,2322,2193,2186,2190,2204,2214,2181,2206,2194,2188,2208,2181
93.6,2174,2178,2174,2156,2164,2165,2171,2161,2171,2168,2183,2167,2170,2164,2175,2180,2180,2195,2201,2174,2159,2177,2176,2377,2172,2170,2163,2182,2233,2182,2168,2173,2174,2179,2169,2183,2170,2187,2192,2190,2184,2170,2176,2223,2191,2176,2187,2186,2209,2181,2192,2181,2184,2194,2187,2181,2192,2272,2186,2195,2183,2219,2183,2187,2177,2186,2175,2191,2188,2174,2177,2196,2223,2173,2175,2190,2194,2177,2192,2175,2196,2174,2184,2193,2433,2185,2182,2190,2180,2180,2183,2188,2178,2191,2179,2199,2176,2208,2179,2320,2193,2185,2190,2203,2213,2181,2205,2193,2188,2208,2181
93.9,2173,2179,2173,2155,2164,2164,2170,2159,2170,2168,2183,2168,2169,2164,2174,2179,2179,2194,2200,2173,2158,2176,2176,2374,2171,2170,2163,2181,2232,2181,2167,2173,2174,2180,2169,2182,2169,2187,2191,2189,2184,2169,2175,2223,2190,2176,2187,2185,2209,2180,2191,2180,2184,2194,2187,2179,2192,2270,2185,2196,2184,2217,2182,2186,2176,2184,2175,2190,2187,2174,2176,2195,2222,2172,2175,2189,2194,2178,2193,2174,2195,2173,2183,2192,2430,2186,2182,2189,2179,2179,2183,2188,2178,2189,2178,2199,2174,2208,2179,2319,2192,2184,2190,2203,2213,2180,2203,2193,2187,2208,2181
94.2,2172,2180,2172,2155,2164,2163,2169,2158,2170,2169,2182,2169,2168,2165,2174,2178,2179,2193,2199,2172,2158,2176,2176,2371,2171,2169,2162,2180,2231,2180,2165,2172,2173,2180,2169,2181,2169,2186,2191,2188,2184,2170,2175,2223,2189,2176,2187,2183,2209,2179,2190,2180,2184,2194,2187,2178,2191,2268,2185,2196,2184,2216,2181,2185,2175,2182,2175,2190,2186,2173,2176,2194,2220,2172,2175,2189,2194,2178,2193,2174,2193,2172,2182,2191,2427,2187,2182,2187,2178,2177,2182,2188,2177,2187,2177,2199,2173,2208,2179,2318,2192,2183,2190,2202,2212,2179,2202,2192,2187,2208,2181
94.5,2172,2181,2171,2155,2164,2159,2167,2155,2172,2170,2181,2171,2167,2166,2171,2178,2177,2190,2197,2171,2156,2174,2177,2367,2169,2169,2162,2178,2231,2178,2160,2171,2171,2181,2170,2180,2169,2185,2190,2188,2183,2170,2174,2224,2186,2176,2187,2181,2209,2178,2191,2177,2184,2194,2189,2174,2192,2265,2185,2198,2186,2212,2179,2183,2174,2179,2176,2191,2187,2172,2176,2193,2217,2171,2176,2188,2194,2179,2194,2173,2191,2170,2182,2191,2424,2190,2182,2185,2175,2174,2181,2189,2176,2184,2176,2200,2172,2209,2179,2316,2192,2183,2189,2203,2213,2179,2199,2192,2186,2209,2183
